Title,Price,Date
A Light in the Attic,51.77,2025-08-31
A Light in the Attic,51.77,2025-08-31
A Light in the Attic,51.77,2025-08-31
A Light in the Attic,51.77,2025-08-31
A Light in the Attic,51.77,2025-08-31
A Light in the Attic,51.77,2025-08-31
A Light in the Attic,51.77,2025-08-31
A Light in the Attic,51.77,2025-08-31
A Light in the Attic,51.77,2025-08-31
A Light in the Attic,51.77,2025-08-31
A Light in the Attic,51.77,2025-08-31
A Light in the Attic,51.77,2025-08-31
A Light in the Attic,51.77,2025-08-31
A Light in the Attic,51.77,2025-08-31
A Light in the Attic,51.77,2025-08-31
A Light in the Attic,51.77,2025-08-31
A Light in the Attic,51.77,2025-08-31
A Light in the Attic,51.77,2025-08-31
A Light in the Attic,51.77,2025-08-31
A Light in the Attic,51.77,2025-08-31
A Light in the Attic,51.77,2025-08-31
A Light in the Attic,51.77,2025-08-31
A Light in the Attic,51.77,2025-08-31
A Light in the Attic,51.77,2025-08-31
A Light in the Attic,51.77,2025-08-31
A Light in the Attic,51.77,2025-08-31
A Light in the Attic,51.77,2025-08-31
A Light in the Attic,51.77,2025-08-31
A Light in the Attic,51.77,2025-08-31
A Light in the Attic,51.77,2025-08-31
A Light in the Attic,51.77,2025-08-31
A Light in the Attic,51.77,2025-08-31
A Light in the Attic,51.77,2025-08-31
